ID;TEXT
TASK-001;What is the capital of France?
TASK-002;What is 15 multiplied by 8?
TASK-003;What is the largest planet in the Solar System?
TASK-004;Who wrote Romeo and Juliet?
TASK-005;What is the chemical symbol for water?
TASK-006;How many days are there in a leap year?
TASK-007;What is the boiling point of water at sea level in Celsius?
TASK-008;Which continent is Egypt located in?
TASK-009;What is the opposite of the word 'ancient'?
TASK-010;What is 100 divided by 4?
TASK-011;Which gas do humans primarily breathe in?
TASK-012;What is the smallest prime number?
TASK-013;Who painted the Mona Lisa?
TASK-014;How many sides does a hexagon have?
TASK-015;What is the currency of Japan?
TASK-016;What is the freezing point of water in Celsius?
TASK-017;Which ocean is the largest on Earth?
TASK-018;What is 12 squared?
TASK-019;What is the main language spoken in Brazil?
TASK-020;Which planet is known as the Red Planet?
TASK-021;What is the formula for calculating the area of a rectangle?
TASK-022;How many meters are in one kilometer?
TASK-023;What is the first element in the periodic table?
TASK-024;Who developed the theory of relativity?
TASK-025;What is 7 plus 19?
TASK-026;Which organ pumps blood through the human body?
TASK-027;What is the largest mammal on Earth?
TASK-028;How many hours are there in one day?
TASK-029;What is the color produced by mixing blue and yellow paint?
TASK-030;Which country is famous for the pyramids of Giza?
TASK-031;What is 144 divided by 12?
TASK-032;What is the hardest natural substance commonly known?
TASK-033;Which planet is closest to the Sun?
TASK-034;How many degrees are in a right angle?
TASK-035;What is the square root of 81?
TASK-036;Which animal is commonly known as the 'king of the jungle'?
TASK-037;What is the largest continent by area?
TASK-038;What is the process by which plants convert light into chemical energy?
TASK-039;How many minutes are in two hours?
TASK-040;What is the opposite of 'increase'?
TASK-041;Which instrument is used to measure temperature?
TASK-042;What is 25% of 200?
TASK-043;Who was the first person to walk on the Moon?
TASK-044;What is the name of Earth's natural satellite?
TASK-045;Which metal has the chemical symbol Fe?
TASK-046;How many bones are there approximately in an adult human body?
TASK-047;What is the speed of light approximately in vacuum?
TASK-048;Which programming language is known for using indentation to define code blocks?
TASK-049;What is 9 multiplied by 9?
TASK-050;What is the largest internal organ in the human body?
